{"lr": 0.009989084308262066, "data_time": 0.002399587631225586, "loss": 1.1562009632587433, "decode.loss_ce": 0.47623569518327713, "decode.loss_dice": 0.49952239394187925, "decode.acc_seg": 77.813720703125, "aux.loss_ce": 0.18044286370277404, "aux.acc_seg": 77.813720703125, "time": 0.19505834579467773, "iter": 50, "step": 50}
{"lr": 0.00997794446709763, "data_time": 0.0025335311889648437, "loss": 1.1939118564128877, "decode.loss_ce": 0.4830054372549057, "decode.loss_dice": 0.5241959363222122, "decode.acc_seg": 79.473876953125, "aux.loss_ce": 0.18671050369739534, "aux.acc_seg": 79.473876953125, "time": 0.19362459182739258, "iter": 100, "step": 100}
{"lr": 0.009966803229875268, "data_time": 0.0024532318115234376, "loss": 1.1265840590000153, "decode.loss_ce": 0.45764362812042236, "decode.loss_dice": 0.49152239561080935, "decode.acc_seg": 75.41351318359375, "aux.loss_ce": 0.17741803973913192, "aux.acc_seg": 76.1474609375, "time": 0.19115722179412842, "iter": 150, "step": 150}
{"lr": 0.009955660594668054, "data_time": 0.002488064765930176, "loss": 1.0596091091632842, "decode.loss_ce": 0.43216507881879807, "decode.loss_dice": 0.44946834444999695, "decode.acc_seg": 76.88751220703125, "aux.loss_ce": 0.17797569632530214, "aux.acc_seg": 76.88751220703125, "time": 0.1924893617630005, "iter": 200, "step": 200}
{"lr": 0.00994451655954398, "data_time": 0.0024208307266235353, "loss": 1.0698818862438202, "decode.loss_ce": 0.44596685022115706, "decode.loss_dice": 0.449460968375206, "decode.acc_seg": 80.94940185546875, "aux.loss_ce": 0.17445407509803773, "aux.acc_seg": 82.04193115234375, "time": 0.1932910442352295, "iter": 250, "step": 250}
{"lr": 0.009933371122565919, "data_time": 0.0023552656173706056, "loss": 0.917562872171402, "decode.loss_ce": 0.3651363492012024, "decode.loss_dice": 0.3940702497959137, "decode.acc_seg": 83.43963623046875, "aux.loss_ce": 0.15835628360509874, "aux.acc_seg": 82.4188232421875, "time": 0.19398484230041504, "iter": 300, "step": 300}
{"lr": 0.009922224281791656, "data_time": 0.002856016159057617, "loss": 0.9287020087242126, "decode.loss_ce": 0.3805044248700142, "decode.loss_dice": 0.3925944983959198, "decode.acc_seg": 93.29071044921875, "aux.loss_ce": 0.155603089928627, "aux.acc_seg": 92.20733642578125, "time": 0.19559502601623535, "iter": 350, "step": 350}
{"lr": 0.009911076035273796, "data_time": 0.002331066131591797, "loss": 0.9097066223621368, "decode.loss_ce": 0.37896305322647095, "decode.loss_dice": 0.3789654433727264, "decode.acc_seg": 88.98773193359375, "aux.loss_ce": 0.15177814587950705, "aux.acc_seg": 89.25933837890625, "time": 0.19388840198516846, "iter": 400, "step": 400}
{"lr": 0.009899926381059788, "data_time": 0.002544212341308594, "loss": 0.9678321599960327, "decode.loss_ce": 0.4099471360445023, "decode.loss_dice": 0.40069975405931474, "decode.acc_seg": 81.585693359375, "aux.loss_ce": 0.15718527585268022, "aux.acc_seg": 83.37860107421875, "time": 0.19162049293518066, "iter": 450, "step": 450}
{"lr": 0.0098887753171919, "data_time": 0.0025262832641601562, "loss": 0.9994524717330933, "decode.loss_ce": 0.41453608870506287, "decode.loss_dice": 0.4208881497383118, "decode.acc_seg": 84.014892578125, "aux.loss_ce": 0.16402822062373162, "aux.acc_seg": 81.91986083984375, "time": 0.19376559257507325, "iter": 500, "step": 500}
{"lr": 0.009877622841707205, "data_time": 0.0024193286895751952, "loss": 0.6872836291790009, "decode.loss_ce": 0.26514775305986404, "decode.loss_dice": 0.30489166975021365, "decode.acc_seg": 88.7176513671875, "aux.loss_ce": 0.11724420189857483, "aux.acc_seg": 87.39471435546875, "time": 0.1941561222076416, "iter": 550, "step": 550}
{"lr": 0.009866468952637547, "data_time": 0.002340555191040039, "loss": 0.8683797895908356, "decode.loss_ce": 0.353113180398941, "decode.loss_dice": 0.3772676944732666, "decode.acc_seg": 87.49237060546875, "aux.loss_ce": 0.13799889907240867, "aux.acc_seg": 86.7401123046875, "time": 0.19305334091186524, "iter": 600, "step": 600}
{"lr": 0.00985531364800951, "data_time": 0.0024453878402709963, "loss": 0.809778505563736, "decode.loss_ce": 0.3299568876624107, "decode.loss_dice": 0.34124369025230405, "decode.acc_seg": 82.98492431640625, "aux.loss_ce": 0.13857793807983398, "aux.acc_seg": 81.732177734375, "time": 0.19486539363861083, "iter": 650, "step": 650}
{"lr": 0.009844156925844432, "data_time": 0.0023763179779052734, "loss": 0.798758351802826, "decode.loss_ce": 0.3427273094654083, "decode.loss_dice": 0.32774953842163085, "decode.acc_seg": 86.9598388671875, "aux.loss_ce": 0.12828150540590286, "aux.acc_seg": 87.518310546875, "time": 0.19559364318847655, "iter": 700, "step": 700}
{"lr": 0.009832998784158347, "data_time": 0.0025275707244873046, "loss": 0.9066312551498413, "decode.loss_ce": 0.38501005470752714, "decode.loss_dice": 0.37660194337368014, "decode.acc_seg": 87.65869140625, "aux.loss_ce": 0.14501924961805343, "aux.acc_seg": 85.791015625, "time": 0.19099955558776854, "iter": 750, "step": 750}
{"lr": 0.009821839220962003, "data_time": 0.0024913787841796876, "loss": 0.8132470965385437, "decode.loss_ce": 0.3317225530743599, "decode.loss_dice": 0.3507243484258652, "decode.acc_seg": 88.4490966796875, "aux.loss_ce": 0.1308002144098282, "aux.acc_seg": 90.12298583984375, "time": 0.19169197082519532, "iter": 800, "step": 800}
{"lr": 0.009810678234260793, "data_time": 0.0024517536163330077, "loss": 0.7296336740255356, "decode.loss_ce": 0.30111650228500364, "decode.loss_dice": 0.305291648209095, "decode.acc_seg": 92.5201416015625, "aux.loss_ce": 0.12322551533579826, "aux.acc_seg": 93.597412109375, "time": 0.19606738090515136, "iter": 850, "step": 850}
{"lr": 0.009799515822054777, "data_time": 0.002496170997619629, "loss": 0.8088044226169586, "decode.loss_ce": 0.34048880338668824, "decode.loss_dice": 0.33892818689346316, "decode.acc_seg": 86.03973388671875, "aux.loss_ce": 0.12938742935657502, "aux.acc_seg": 84.88616943359375, "time": 0.19257004261016847, "iter": 900, "step": 900}
{"lr": 0.009788351982338642, "data_time": 0.002476000785827637, "loss": 0.7941848039627075, "decode.loss_ce": 0.32673311829566953, "decode.loss_dice": 0.3416859105229378, "decode.acc_seg": 91.7449951171875, "aux.loss_ce": 0.1257657788693905, "aux.acc_seg": 94.07196044921875, "time": 0.1927574396133423, "iter": 950, "step": 950}
{"lr": 0.00977718671310168, "data_time": 0.0024186134338378905, "loss": 0.8320755660533905, "decode.loss_ce": 0.3670207679271698, "decode.loss_dice": 0.33221578449010847, "decode.acc_seg": 87.481689453125, "aux.loss_ce": 0.13283901289105415, "aux.acc_seg": 87.34130859375, "time": 0.19475100040435792, "iter": 1000, "step": 1000}
{"lr": 0.00976602001232777, "data_time": 0.0022963523864746095, "loss": 0.6609089583158493, "decode.loss_ce": 0.2773347765207291, "decode.loss_dice": 0.278457435965538, "decode.acc_seg": 84.50164794921875, "aux.loss_ce": 0.10511675328016282, "aux.acc_seg": 82.09228515625, "time": 0.19576444625854492, "iter": 1050, "step": 1050}
{"lr": 0.009754851877995354, "data_time": 0.0023623228073120115, "loss": 0.6844322681427002, "decode.loss_ce": 0.2798949286341667, "decode.loss_dice": 0.2967855542898178, "decode.acc_seg": 92.00286865234375, "aux.loss_ce": 0.10775179490447044, "aux.acc_seg": 90.92864990234375, "time": 0.19477953910827636, "iter": 1100, "step": 1100}
{"lr": 0.009743682308077416, "data_time": 0.0023821592330932617, "loss": 0.7228797614574433, "decode.loss_ce": 0.293573834002018, "decode.loss_dice": 0.30813496857881545, "decode.acc_seg": 88.2354736328125, "aux.loss_ce": 0.12117095366120338, "aux.acc_seg": 85.528564453125, "time": 0.19595043659210204, "iter": 1150, "step": 1150}
{"lr": 0.009732511300541468, "data_time": 0.002446556091308594, "loss": 0.7649686008691787, "decode.loss_ce": 0.3246943086385727, "decode.loss_dice": 0.3187394514679909, "decode.acc_seg": 79.3426513671875, "aux.loss_ce": 0.12153484597802162, "aux.acc_seg": 79.42962646484375, "time": 0.20190796852111817, "iter": 1200, "step": 1200}
{"lr": 0.009721338853349512,