{"lr": 0.009989084308262066, "data_time": 0.0013259172439575196, "loss": 1.2393520772457123, "decode.loss_ce": 0.5403231590986252, "decode.loss_dice": 0.5060784876346588, "decode.acc_seg": 78.90167236328125, "aux.loss_ce": 0.19295043498277664, "aux.acc_seg": 78.90167236328125, "time": 0.18827385902404786, "iter": 50, "step": 50}
{"lr": 0.00997794446709763, "data_time": 0.0013564825057983398, "loss": 1.06024412214756, "decode.loss_ce": 0.4193671017885208, "decode.loss_dice": 0.4708566635847092, "decode.acc_seg": 83.67919921875, "aux.loss_ce": 0.1700203575193882, "aux.acc_seg": 83.67919921875, "time": 0.18942368030548096, "iter": 100, "step": 100}
{"lr": 0.009966803229875268, "data_time": 0.0013409852981567383, "loss": 1.250066989660263, "decode.loss_ce": 0.5277217209339142, "decode.loss_dice": 0.5239006072282791, "decode.acc_seg": 65.5670166015625, "aux.loss_ce": 0.1984446629881859, "aux.acc_seg": 65.5670166015625, "time": 0.18859825134277344, "iter": 150, "step": 150}
