{"lr": 0.009989084308262066, "data_time": 0.0013208627700805665, "loss": 1.2024424731731416, "decode.loss_ce": 0.49363714158535005, "decode.loss_dice": 0.5250769764184952, "decode.acc_seg": 88.27056884765625, "aux.loss_ce": 0.18372835591435432, "aux.acc_seg": 88.27056884765625, "time": 0.18834831714630126, "iter": 50, "step": 50}
{"lr": 0.00997794446709763, "data_time": 0.0013128757476806641, "loss": 1.0558462202548982, "decode.loss_ce": 0.43125311732292176, "decode.loss_dice": 0.45695858597755434, "decode.acc_seg": 91.42608642578125, "aux.loss_ce": 0.16763451620936393, "aux.acc_seg": 91.42608642578125, "time": 0.18847389221191407, "iter": 100, "step": 100}
{"lr": 0.009966803229875268, "data_time": 0.0013171911239624023, "loss": 1.0516153931617738, "decode.loss_ce": 0.4189442306756973, "decode.loss_dice": 0.4662214398384094, "decode.acc_seg": 81.5673828125, "aux.loss_ce": 0.16644974276423455, "aux.acc_seg": 81.5673828125, "time": 0.18813097476959229, "iter": 150, "step": 150}
